﻿details,error_name,error_count,severity_level,dataset
Miscellaneous,Fails OGC Simple,3819,NOTE,C:\Users\ATURUNEN\Downloads\building_ES.json
The geometry of two or more GroundSurfaces cannot overlap more than 0 % of their areas.,GroundOverlappingIn2D,655,NOTE,C:\Users\ATURUNEN\Downloads\building_ES.json
Miscellaneous,Self-Intersections in 2D,37,FAIL,C:\Users\ATURUNEN\Downloads\building_ES.json
The feature does not contain vertex normals.,Missing Vertex Normals,3822,NOTE,C:\Users\ATURUNEN\Downloads\building_ES.json
Miscellaneous,Degenerate or Corrupt Geometries,29,FIXED,C:\Users\ATURUNEN\Downloads\building_ES.json
Miscellaneous,Fails OGC Compliant,3822,FIXED,C:\Users\ATURUNEN\Downloads\building_ES.json
The building contain surfaces which area is smaller than 1 units,AreaTooSmall,229,NOTE,C:\Users\ATURUNEN\Downloads\building_ES.json
